Profile,Zone,Model,RMSE,MAE,MAPE,Fold,mlflow_run_id
dev,Zone 1 Power Consumption,Baseline (Naive),6369.836597024777,5434.576618998016,20.378575221692966,,
dev,Zone 2 Power Consumption,Baseline (Naive),5706.088652776047,4879.220912023809,22.546603535573535,,
dev,Zone 3 Power Consumption,Baseline (Naive),3592.3600282793673,3345.778312594246,33.591014044569036,,
dev,Zone 1 Power Consumption,"SARIMAX(1,1,1)(0,1,1,24)",10807.181428143758,9664.739613944283,34.39867668263745,,
dev,Zone 2 Power Consumption,"SARIMAX(1,1,1)(0,1,1,24)",9554.343771680566,8620.375807293081,38.045621566181566,,
dev,Zone 3 Power Consumption,"SARIMAX(1,1,1)(0,1,1,24)",5156.534892852386,4071.7600397690826,36.922189491057765,,
dev,Zone 1 Power Consumption,XGBoost (lags),835.0260865279406,593.3324132911707,2.040242822266064,,
dev,Zone 2 Power Consumption,XGBoost (lags),697.2377828555196,487.84613341951876,2.11019956564935,,
dev,Zone 3 Power Consumption,XGBoost (lags),293.90279904813923,232.85307594580857,2.1649883815636874,,
